Residue,d,q,calibration_case,nCal,OOC_ND,OOC_3A,OOC_3B,benchmark_n,mu_0,s_Z,sigma_Z,CL,UCL,W,G,in_A,in_U,selected,recommended_d,additive_shift_rho_0p5,additive_shift_rho_1,additive_shift_rho_1p5,additive_shift_rho_2,additive_shift_rho_2p5,additive_shift_rho_3,Xbar_chart_ARL1_rho_0p5,Xbar_chart_ARL1_rho_1,Xbar_chart_ARL1_rho_1p5,Xbar_chart_ARL1_rho_2,Xbar_chart_ARL1_rho_2p5,Xbar_chart_ARL1_rho_3,ARL1_rho_0p5,ARL1_rho_1,ARL1_rho_1p5,ARL1_rho_2,ARL1_rho_2p5,ARL1_rho_3
DAR,1,26,Case 4,10,0,0,0,5,18.922439024390243,7.101128539824539,7.101128539824539,19.416314925796584,19.53078170383664,1.0039424362195968,0.4002505807780458,TRUE,FALSE,FALSE,2,3.5505642699122695,7.101128539824539,10.651692809736808,14.202257079649078,17.752821349561348,21.303385619473616,33.39726146352509,4.49334086559408,1.5661913863448236,1.0757868705256628,1.0048149354866014,1.0001042431493563,1.0087763542822556,1.0087763542822556,1.0087763542822556,1.0087763542822556,1.0087763542822556,1
DAR,2,26,Case 5,13,0,0,0,5,18.922439024390243,7.101128539824539,7.101128539824539,19.383555394928614,19.54536870226182,0.9998957677161452,0.41410113971274604,TRUE,TRUE,TRUE,2,3.5505642699122695,7.101128539824539,10.651692809736808,14.202257079649078,17.752821349561348,21.303385619473616,33.39726146352509,4.49334086559408,1.5661913863448236,1.0757868705256628,1.0048149354866014,1.0001042431493563,1.2643823492224049,1.004621257785815,1.0033109260559847,1.0030090270812437,1.0023053021950485,1
DAR,3,26,Case 5,23,0,0,0,5,18.922439024390243,7.101128539824539,7.101128539824539,11.57296207503216,23.404029506962363,1.4666332462150875,1.0590666682319958,TRUE,FALSE,FALSE,2,3.5505642699122695,7.101128539824539,10.651692809736808,14.202257079649078,17.752821349561348,21.303385619473616,33.39726146352509,4.49334086559408,1.5661913863448236,1.0757868705256628,1.0048149354866014,1.0001042431493563,22.172949002217294,4.090816117815504,2.2527596305474207,1.577784790154623,1.1064394777605664,1.0050756319413037
DAR,4,26,Case 5,29,0,0,0,5,18.922439024390243,7.101128539824539,7.101128539824539,6.92482692478702,20.74173621733839,1.8683001369292667,0.8939988097050234,TRUE,FALSE,FALSE,2,3.5505642699122695,7.101128539824539,10.651692809736808,14.202257079649078,17.752821349561348,21.303385619473616,33.39726146352509,4.49334086559408,1.5661913863448236,1.0757868705256628,1.0048149354866014,1.0001042431493563,6.722689075630252,3.7544584193730057,2.926115581565472,1.7432232197332869,1.0075566750629723,1
DAR,5,26,Case 5,39,0,0,0,5,18.922439024390243,7.101128539824539,7.101128539824539,5.846368493720647,20.725197673603205,2.954611623302068,1.3741498991470538,TRUE,FALSE,FALSE,2,3.5505642699122695,7.101128539824539,10.651692809736808,14.202257079649078,17.752821349561348,21.303385619473616,33.39726146352509,4.49334086559408,1.5661913863448236,1.0757868705256628,1.0048149354866014,1.0001042431493563,18.535681186283597,7.412898443291327,4.6274872744099955,2.473716759431045,1.0876658690450294,1
DAR,6,26,Case 5,49,0,0,0,5,18.922439024390243,7.101128539824539,7.101128539824539,4.8403183477507286,20.405341901419064,4.696517629978499,1.8285611991558686,TRUE,FALSE,FALSE,2,3.5505642699122695,7.101128539824539,10.651692809736808,14.202257079649078,17.752821349561348,21.303385619473616,33.39726146352509,4.49334086559408,1.5661913863448236,1.0757868705256628,1.0048149354866014,1.0001042431493563,30.12048192771084,11.481056257175661,7.35564545788893,3.2076984763432232,1.1640765962400326,1
DAR,7,26,Case 5,59,0,0,0,5,18.922439024390243,7.101128539824539,7.101128539824539,3.6646823936413035,19.954770893816836,7.247350417656945,2.25475908789226,TRUE,FALSE,FALSE,2,3.5505642699122695,7.101128539824539,10.651692809736808,14.202257079649078,17.752821349561348,21.303385619473616,33.39726146352509,4.49334086559408,1.5661913863448236,1.0757868705256628,1.0048149354866014,1.0001042431493563,43.66812227074236,14.367816091954024,11.350737797956867,3.905487209529389,1.200408138767181,1
DAR,8,26,Case 5,69,0,0,0,5,18.922439024390243,7.101128539824539,7.101128539824539,2.8687928798249827,19.639716512873715,10.886471812371303,2.790831690248508,TRUE,FALSE,FALSE,2,3.5505642699122695,7.101128539824539,10.651692809736808,14.202257079649078,17.752821349561348,21.303385619473616,33.39726146352509,4.49334086559408,1.5661913863448236,1.0757868705256628,1.0048149354866014,1.0001042431493563,63.897763578274756,18.885741265344667,17.050298380221655,4.718093890068412,1.2367054167697256,1
DAR,9,26,Case 5,79,0,0,0,5,18.922439024390243,7.101128539824539,7.101128539824539,2.38906580388758,19.502229305805866,15.66850482933931,3.4844379788547273,TRUE,FALSE,FALSE,2,3.5505642699122695,7.101128539824539,10.651692809736808,14.202257079649078,17.752821349561348,21.303385619473616,33.39726146352509,4.49334086559408,1.5661913863448236,1.0757868705256628,1.0048149354866014,1.0001042431493563,90.09009009009009,26.17801047120419,24.539877300613497,5.863383172090296,1.3401232913428036,1
DAR,10,26,Case 5,89,12,9,0,5,18.922439024390243,7.101128539824539,7.101128539824539,2.202567909844908,19.335360060406256,21.247639660418532,4.280799192000577,FALSE,FALSE,FALSE,2,3.5505642699122695,7.101128539824539,10.651692809736808,14.202257079649078,17.752821349561348,21.303385619473616,33.39726146352509,4.49334086559408,1.5661913863448236,1.0757868705256628,1.0048149354866014,1.0001042431493563,133.33333333333334,35.02626970227671,33.277870216306155,7.656967840735069,1.3139741147099402,1
DAR,11,26,Case 5,99,12,9,0,5,18.922439024390243,7.101128539824539,7.101128539824539,1.9562197657121863,19.271775312271377,29.49152756561556,5.301022381805854,FALSE,FALSE,FALSE,2,3.5505642699122695,7.101128539824539,10.651692809736808,14.202257079649078,17.752821349561348,21.303385619473616,33.39726146352509,4.49334086559408,1.5661913863448236,1.0757868705256628,1.0048149354866014,1.0001042431493563,194.17475728155338,47.39336492890995,46.18937644341801,9.411764705882353,1.409343950391093,1
DAR,12,26,Case 5,109,12,9,0,5,18.922439024390243,7.101128539824539,7.101128539824539,1.624190124731037,19.11113456246564,47.471492326808686,7.432829463989607,FALSE,FALSE,FALSE,2,3.5505642699122695,7.101128539824539,10.651692809736808,14.202257079649078,17.752821349561348,21.303385619473616,33.39726146352509,4.49334086559408,1.5661913863448236,1.0757868705256628,1.0048149354866014,1.0001042431493563,307.6923076923077,77.82101167315174,74.34944237918215,15.32567049808429,1.5703517587939697,1
DAR,13,26,Case 5,117,12,9,0,5,18.922439024390243,7.101128539824539,7.101128539824539,1.505763596450957,18.94970673833229,56.50367891996255,8.52046184670674,FALSE,FALSE,FALSE,2,3.5505642699122695,7.101128539824539,10.651692809736808,14.202257079649078,17.752821349561348,21.303385619473616,33.39726146352509,4.49334086559408,1.5661913863448236,1.0757868705256628,1.0048149354866014,1.0001042431493563,434.7826086956522,92.59259259259258,88.49557522123894,17.937219730941703,1.5213753232922562,1
DAR,14,26,Case 5,124,12,9,0,5,18.922439024390243,7.101128539824539,7.101128539824539,1.4000419644958506,18.96893825040951,73.81405454284126,9.845749291278807,FALSE,FALSE,FALSE,2,3.5505642699122695,7.101128539824539,10.651692809736808,14.202257079649078,17.752821349561348,21.303385619473616,33.39726146352509,4.49334086559408,1.5661913863448236,1.0757868705256628,1.0048149354866014,1.0001042431493563,487.80487804878044,118.3431952662722,115.60693641618498,20.79002079002079,1.668195846192343,1
DAR,15,26,Case 5,126,12,9,0,5,18.922439024390243,7.101128539824539,7.101128539824539,1.3598899199621806,19.097095395540617,67.92463529740179,9.769001224837833,FALSE,FALSE,FALSE,2,3.5505642699122695,7.101128539824539,10.651692809736808,14.202257079649078,17.752821349561348,21.303385619473616,33.39726146352509,4.49334086559408,1.5661913863448236,1.0757868705256628,1.0048149354866014,1.0001042431493563,434.7826086956522,111.11111111111111,106.38297872340425,21.810250817884405,1.970249236528421,1
DAR,16,26,Case 5,136,12,9,0,5,18.922439024390243,7.101128539824539,7.101128539824539,1.2419241378755614,18.665416946372883,79.81144647444711,10.857931392420568,FALSE,FALSE,FALSE,2,3.5505642699122695,7.101128539824539,10.651692809736808,14.202257079649078,17.752821349561348,21.303385619473616,33.39726146352509,4.49334086559408,1.5661913863448236,1.0757868705256628,1.0048149354866014,1.0001042431493563,666.6666666666666,135.13513513513513,125,25.706940874035993,1.4382281029771322,1
DAR,17,26,Case 5,140,12,9,0,5,18.922439024390243,7.101128539824539,7.101128539824539,1.1954018092236338,19.106104984744576,82.9209833500749,11.550774878658824,FALSE,FALSE,FALSE,2,3.5505642699122695,7.101128539824539,10.651692809736808,14.202257079649078,17.752821349561348,21.303385619473616,33.39726146352509,4.49334086559408,1.5661913863448236,1.0757868705256628,1.0048149354866014,1.0001042431493563,487.80487804878044,139.86013986013987,129.87012987012986,28.57142857142857,2.3837902264600714,1
DAR,18,26,Case 5,150,12,9,0,5,18.922439024390243,7.101128539824539,7.101128539824539,1.0706530152418563,18.417178455303436,116.0893766901049,12.361138301368184,FALSE,FALSE,FALSE,2,3.5505642699122695,7.101128539824539,10.651692809736808,14.202257079649078,17.752821349561348,21.303385619473616,33.39726146352509,4.49334086559408,1.5661913863448236,1.0757868705256628,1.0048149354866014,1.0001042431493563,645.1612903225806,188.67924528301887,181.81818181818184,31.746031746031747,1.2900728891182351,1
DAR,19,26,Case 5,156,12,9,0,5,18.922439024390243,7.101128539824539,7.101128539824539,1.0286003899696397,14.278808411576346,42.39077251732313,3.9479768263773543,FALSE,FALSE,FALSE,2,3.5505642699122695,7.101128539824539,10.651692809736808,14.202257079649078,17.752821349561348,21.303385619473616,33.39726146352509,4.49334086559408,1.5661913863448236,1.0757868705256628,1.0048149354866014,1.0001042431493563,206.18556701030928,190.47619047619045,24.390243902439025,1.004419445560466,1,1
DAR,20,26,Case 5,162,12,9,0,5,18.922439024390243,7.101128539824539,7.101128539824539,0.9590316537596253,14.147610304858743,43.21389431377601,3.9977660942792617,FALSE,FALSE,FALSE,2,3.5505642699122695,7.101128539824539,10.651692809736808,14.202257079649078,17.752821349561348,21.303385619473616,33.39726146352509,4.49334086559408,1.5661913863448236,1.0757868705256628,1.0048149354866014,1.0001042431493563,208.33333333333334,194.17475728155338,25.641025641025642,1,1,1
DAR,21,26,Case 5,165,12,9,0,5,18.922439024390243,7.101128539824539,7.101128539824539,0.9404357827437034,16.27151145757766,44.959910245645744,6.296109187466305,FALSE,FALSE,FALSE,2,3.5505642699122695,7.101128539824539,10.651692809736808,14.202257079649078,17.752821349561348,21.303385619473616,33.39726146352509,4.49334086559408,1.5661913863448236,1.0757868705256628,1.0048149354866014,1.0001042431493563,210.5263157894737,202.020202020202,47.28132387706856,7.870916961826053,1,1
DAR,22,26,Case 5,175,15,10,0,5,18.922439024390243,7.101128539824539,7.101128539824539,0.8515869297921961,13.739630268791432,52.98846564665392,4.368128127579809,FALSE,FALSE,FALSE,2,3.5505642699122695,7.101128539824539,10.651692809736808,14.202257079649078,17.752821349561348,21.303385619473616,33.39726146352509,4.49334086559408,1.5661913863448236,1.0757868705256628,1.0048149354866014,1.0001042431493563,289.8550724637681,238.0952380952381,25.57544757033248,1,1,1
DAR,23,26,Case 5,185,15,10,0,5,18.922439024390243,7.101128539824539,7.101128539824539,0.7685897576720462,13.986893564867566,60.973028963273,4.589353866180821,FALSE,FALSE,FALSE,2,3.5505642699122695,7.101128539824539,10.651692809736808,14.202257079649078,17.752821349561348,21.303385619473616,33.39726146352509,4.49334086559408,1.5661913863448236,1.0757868705256628,1.0048149354866014,1.0001042431493563,289.8550724637681,273.972602739726,29.895366218236173,1,1,1
DAR,24,26,Case 5,190,15,10,0,5,18.922439024390243,7.101128539824539,7.101128539824539,0.7291883958094018,13.927919215268904,63.58615877598471,4.761220010021314,FALSE,FALSE,FALSE,2,3.5505642699122695,7.101128539824539,10.651692809736808,14.202257079649078,17.752821349561348,21.303385619473616,33.39726146352509,4.49334086559408,1.5661913863448236,1.0757868705256628,1.0048149354866014,1.0001042431493563,307.6923076923077,285.7142857142857,33.67003367003367,1,1,1
DAR,25,26,Case 5,199,15,10,0,5,18.922439024390243,7.101128539824539,7.101128539824539,0.6748744424049674,13.874793992491906,68.47740175875276,4.8704806861734395,FALSE,FALSE,FALSE,2,3.5505642699122695,7.101128539824539,10.651692809736808,14.202257079649078,17.752821349561348,21.303385619473616,33.39726146352509,4.49334086559408,1.5661913863448236,1.0757868705256628,1.0048149354866014,1.0001042431493563,317.46031746031747,307.6923076923077,34.72222222222222,1,1,1
DAR,26,26,Case 5,206,15,10,0,5,18.922439024390243,7.101128539824539,7.101128539824539,0.6473299647840642,13.682538062049511,82.42650211701721,5.38294163891002,FALSE,FALSE,FALSE,2,3.5505642699122695,7.101128539824539,10.651692809736808,14.202257079649078,17.752821349561348,21.303385619473616,33.39726146352509,4.49334086559408,1.5661913863448236,1.0757868705256628,1.0048149354866014,1.0001042431493563,434.7826086956522,370.3703703703703,38.38771593090211,1,1,1
CAR,1,2,Case 4,10,3,3,6,3,8.290009699321049,10.980955341123572,10.980955341123572,2.0302268132328756,2.1310144022832107,0.9859712041446869,0.2657442441294567,FALSE,FALSE,FALSE,2,5.490477670561786,10.980955341123572,16.471433011685356,21.961910682247144,27.45238835280893,32.94286602337071,60.84260668297498,9.759278790723357,2.9070555185396243,1.4731230299669265,1.1009387275645184,1.0142284032194255,1,1,1,1,1,1
CAR,2,2,Case 4,20,0,0,0,3,8.290009699321049,10.980955341123572,10.980955341123572,2.152635464988389,30.938729542523802,8.017488149226162,2.2513379260947186,TRUE,FALSE,TRUE,2,5.490477670561786,10.980955341123572,16.471433011685356,21.961910682247144,27.45238835280893,32.94286602337071,60.84260668297498,9.759278790723357,2.9070555185396243,1.4731230299669265,1.1009387275645184,1.0142284032194255,487.80487804878044,9.541984732824426,5.7421762848119435,4.198152812762385,3.2948929159802307,1
Mic,1,1,Case 4,10,0,0,0,3,0.3333333333333333,1.4735767952260144,1.4735767952260144,0.008225458295800429,4.08055434823603,26.06357999103374,4.3580768205755405,TRUE,FALSE,TRUE,1,0.7367883976130072,1.4735767952260144,2.2103651928390216,2.9471535904520287,3.683941988065036,4.420730385678043,60.84260668297498,9.759278790723364,2.9070555185396225,1.4731230299669262,1.1009387275645186,1.0142284032194255,28.694404591104735,28.694404591104735,28.694404591104735,28.694404591104735,28.694404591104735,1
