Residue,d,q,calibration_case,nCal,OOC_ND,OOC_3A,OOC_3B,benchmark_n,mu_0,s_Z,sigma_Z,degrees_of_freedom,chi_square_limit,UCL_S,CL,UCL,W,G,in_C_d,in_D1,in_D2,in_A,in_U,selected,recommended_d,observed_behavior_case,arl_curve_case,selected_case,selection_rule,A_values,U_values,selection_path,recommendation_notes,sigma_1_rho_1p05,sigma_1_rho_1p1,sigma_1_rho_1p2,sigma_1_rho_1p5,sigma_1_rho_2,sigma_1_rho_2p25,S_chart_ARL1_rho_1p05,S_chart_ARL1_rho_1p1,S_chart_ARL1_rho_1p2,S_chart_ARL1_rho_1p5,S_chart_ARL1_rho_2,S_chart_ARL1_rho_2p25,ARL1_rho_1p05,ARL1_rho_1p1,ARL1_rho_1p2,ARL1_rho_1p5,ARL1_rho_2,ARL1_rho_2p25,relative_ARL_ratio_rho_1p05,relative_ARL_ratio_rho_1p1,relative_ARL_ratio_rho_1p2,relative_ARL_ratio_rho_1p5,relative_ARL_ratio_rho_2,relative_ARL_ratio_rho_2p25
DAR,1,26,Case 4,10,0,1,2,5,18.922439024390243,7.101128539824539,7.101128539824539,4,17.798186718547473,14.97908404924614,0.11975269064722646,0.6525226441370678,8.491398999757877,3.9686094688297637,TRUE,TRUE,FALSE,TRUE,FALSE,FALSE,13,D1,XO,Case 4,XO case: minimum W over A; minimum G among candidates tied on W; maximum d if a tie remains according to Rule 3,"1, 2, 3, 4, 5, 6, 7, 8, 9, 10, 11, 12, 13, 14, 15, 16, 17, 18, 19, 20, 21, 22, 23, 24, 25, 26",,Case 4 | D1 | XO | XO case: minimum W over A; minimum G among candidates tied on W; maximum d if a tie remains according to Rule 3,D2 is empty: every candidate d flagged at least one nominal Stage 3A event as OOC. | U is empty: every candidate in A has at least one rho value for which its d-CCSSBU-S ARL1 exceeds the corresponding S-chart ARL1 benchmark.,7.4561849668157665,7.811241393806993,8.521354247789446,10.651692809736808,14.202257079649078,15.977539214605212,353.0380779002498,187.13075913119312,67.26478698621594,10.535227469449868,2.8688483408311294,2.103065003134447,526.3157894736842,425.531914893617,181.81818181818184,68.02721088435375,24.360535931790498,16.35322976287817,1.4908187598460516,2.2739816632458925,2.703021743835158,6.457118375623077,8.491398999757877,7.775903140656619
DAR,2,26,Case 4,20,0,1,0,5,18.922439024390243,7.101128539824539,7.101128539824539,4,17.798186718547473,14.97908404924614,0.2410141485032523,19.1504270494281,14.541176668230957,1.596728582251722,TRUE,TRUE,FALSE,TRUE,FALSE,FALSE,13,D1,XO,Case 4,XO case: minimum W over A; minimum G among candidates tied on W; maximum d if a tie remains according to Rule 3,"1, 2, 3, 4, 5, 6, 7, 8, 9, 10, 11, 12, 13, 14, 15, 16, 17, 18, 19, 20, 21, 22, 23, 24, 25, 26",,Case 4 | D1 | XO | XO case: minimum W over A; minimum G among candidates tied on W; maximum d if a tie remains according to Rule 3,D2 is empty: every candidate d flagged at least one nominal Stage 3A event as OOC. | U is empty: every candidate in A has at least one rho value for which its d-CCSSBU-S ARL1 exceeds the corresponding S-chart ARL1 benchmark.,7.4561849668157665,7.811241393806993,8.521354247789446,10.651692809736808,14.202257079649078,15.977539214605212,353.0380779002498,187.13075913119312,67.26478698621594,10.535227469449868,2.8688483408311294,2.103065003134447,59.1715976331361,41.1522633744856,39.761431411530815,39.761431411530815,39.761431411530815,30.581039755351682,0.16760684282292893,0.21991180693941761,0.5911180751925792,3.774140760304541,13.859718844535223,14.541176668230957
DAR,3,26,Case 5,23,0,1,0,5,18.922439024390243,7.101128539824539,7.101128539824539,4,17.798186718547473,14.97908404924614,0.3092190748653845,19.099544956921708,12.595933166917941,1.7958321521949643,TRUE,TRUE,FALSE,TRUE,FALSE,FALSE,13,D1,XO,Case 4,XO case: minimum W over A; minimum G among candidates tied on W; maximum d if a tie remains according to Rule 3,"1, 2, 3, 4, 5, 6, 7, 8, 9, 10, 11, 12, 13, 14, 15, 16, 17, 18, 19, 20, 21, 22, 23, 24, 25, 26",,Case 4 | D1 | XO | XO case: minimum W over A; minimum G among candidates tied on W; maximum d if a tie remains according to Rule 3,D2 is empty: every candidate d flagged at least one nominal Stage 3A event as OOC. | U is empty: every candidate in A has at least one rho value for which its d-CCSSBU-S ARL1 exceeds the corresponding S-chart ARL1 benchmark.,7.4561849668157665,7.811241393806993,8.521354247789446,10.651692809736808,14.202257079649078,15.977539214605212,353.0380779002498,187.13075913119312,67.26478698621594,10.535227469449868,2.8688483408311294,2.103065003134447,87.33624454148472,64.93506493506493,63.291139240506325,32.733224222585925,30.441400304414007,26.490066225165563,0.24738477237620074,0.3470036953654446,0.9409252905755294,3.1070258632294343,10.611017623746147,12.595933166917941
DAR,4,26,Case 5,33,0,1,0,5,18.922439024390243,7.101128539824539,7.101128539824539,4,17.798186718547473,14.97908404924614,0.41965732611963713,18.800343145068968,21.133176757828988,3.2340300498027554,TRUE,TRUE,FALSE,TRUE,FALSE,FALSE,13,D1,XO,Case 4,XO case: minimum W over A; minimum G among candidates tied on W; maximum d if a tie remains according to Rule 3,"1, 2, 3, 4, 5, 6, 7, 8, 9, 10, 11, 12, 13, 14, 15, 16, 17, 18, 19, 20, 21, 22, 23, 24, 25, 26",,Case 4 | D1 | XO | XO case: minimum W over A; minimum G among candidates tied on W; maximum d if a tie remains according to Rule 3,D2 is empty: every candidate d flagged at least one nominal Stage 3A event as OOC. | U is empty: every candidate in A has at least one rho value for which its d-CCSSBU-S ARL1 exceeds the corresponding S-chart ARL1 benchmark.,7.4561849668157665,7.811241393806993,8.521354247789446,10.651692809736808,14.202257079649078,15.977539214605212,353.0380779002498,187.13075913119312,67.26478698621594,10.535227469449868,2.8688483408311294,2.103065003134447,152.67175572519082,132.4503311258278,111.73184357541899,62.11180124223603,51.81347150259067,44.44444444444444,0.4324512433141218,0.7077956170368009,1.6610748146473036,5.895629821221069,18.060721706738907,21.133176757828988
DAR,5,26,Case 5,41,0,1,0,5,18.922439024390243,7.101128539824539,7.101128539824539,4,17.798186718547473,14.97908404924614,0.27912127021255,18.642936205936977,36.022460382663056,5.021210325127621,TRUE,TRUE,FALSE,TRUE,FALSE,FALSE,13,D1,XO,Case 4,XO case: minimum W over A; minimum G among candidates tied on W; maximum d if a tie remains according to Rule 3,"1, 2, 3, 4, 5, 6, 7, 8, 9, 10, 11, 12, 13, 14, 15, 16, 17, 18, 19, 20, 21, 22, 23, 24, 25, 26",,Case 4 | D1 | XO | XO case: minimum W over A; minimum G among candidates tied on W; maximum d if a tie remains according to Rule 3,D2 is empty: every candidate d flagged at least one nominal Stage 3A event as OOC. | U is empty: every candidate in A has at least one rho value for which its d-CCSSBU-S ARL1 exceeds the corresponding S-chart ARL1 benchmark.,7.4561849668157665,7.811241393806993,8.521354247789446,10.651692809736808,14.202257079649078,15.977539214605212,353.0380779002498,187.13075913119312,67.26478698621594,10.535227469449868,2.8688483408311294,2.103065003134447,217.3913043478261,198.01980198019803,180.18018018018017,90.90909090909092,84.74576271186442,75.75757575757576,0.6157729660233693,1.0581894868569997,2.6786701965933992,8.629058192878112,29.539993977971264,36.022460382663056
DAR,6,26,Case 5,51,0,1,0,5,18.922439024390243,7.101128539824539,7.101128539824539,4,17.798186718547473,14.97908404924614,0.48697813491165126,18.269860942204442,60.1894274748294,8.950060445289985,TRUE,TRUE,FALSE,TRUE,FALSE,FALSE,13,D1,XO,Case 4,XO case: minimum W over A; minimum G among candidates tied on W; maximum d if a tie remains according to Rule 3,"1, 2, 3, 4, 5, 6, 7, 8, 9, 10, 11, 12, 13, 14, 15, 16, 17, 18, 19, 20, 21, 22, 23, 24, 25, 26",,Case 4 | D1 | XO | XO case: minimum W over A; minimum G among candidates tied on W; maximum d if a tie remains according to Rule 3,D2 is empty: every candidate d flagged at least one nominal Stage 3A event as OOC. | U is empty: every candidate in A has at least one rho value for which its d-CCSSBU-S ARL1 exceeds the corresponding S-chart ARL1 benchmark.,7.4561849668157665,7.811241393806993,8.521354247789446,10.651692809736808,14.202257079649078,15.977539214605212,353.0380779002498,187.13075913119312,67.26478698621594,10.535227469449868,2.8688483408311294,2.103065003134447,416.6666666666667,327.86885245901635,322.5806451612903,183.4862385321101,141.84397163120568,126.58227848101265,1.1802315182114578,1.752084232336999,4.795683739062376,17.41644772874481,49.44282680000864,60.1894274748294
DAR,7,26,Case 5,60,0,1,0,5,18.922439024390243,7.101128539824539,7.101128539824539,4,17.798186718547473,14.97908404924614,0.42198825827149766,17.5787310850267,74.8813349686854,11.450554139465853,TRUE,TRUE,FALSE,TRUE,FALSE,FALSE,13,D1,XO,Case 4,XO case: minimum W over A; minimum G among candidates tied on W; maximum d if a tie remains according to Rule 3,"1, 2, 3, 4, 5, 6, 7, 8, 9, 10, 11, 12, 13, 14, 15, 16, 17, 18, 19, 20, 21, 22, 23, 24, 25, 26",,Case 4 | D1 | XO | XO case: minimum W over A; minimum G among candidates tied on W; maximum d if a tie remains according to Rule 3,D2 is empty: every candidate d flagged at least one nominal Stage 3A event as OOC. | U is empty: every candidate in A has at least one rho value for which its d-CCSSBU-S ARL1 exceeds the corresponding S-chart ARL1 benchmark.,7.4561849668157665,7.811241393806993,8.521354247789446,10.651692809736808,14.202257079649078,15.977539214605212,353.0380779002498,187.13075913119312,67.26478698621594,10.535227469449868,2.8688483408311294,2.103065003134447,487.80487804878044,476.1904761904762,476.1904761904762,208.33333333333334,175.43859649122805,157.48031496062993,1.381734460345121,2.544693766013261,7.079342662425413,19.77492502534567,61.15296998948436,74.8813349686854
DAR,8,26,Case 5,63,0,1,0,5,18.922439024390243,7.101128539824539,7.101128539824539,4,17.798186718547473,14.97908404924614,0.39713915913445846,18.34643179676181,72.04492076532611,9.615277301403333,TRUE,TRUE,FALSE,TRUE,FALSE,FALSE,13,D1,XO,Case 4,XO case: minimum W over A; minimum G among candidates tied on W; maximum d if a tie remains according to Rule 3,"1, 2, 3, 4, 5, 6, 7, 8, 9, 10, 11, 12, 13, 14, 15, 16, 17, 18, 19, 20, 21, 22, 23, 24, 25, 26",,Case 4 | D1 | XO | XO case: minimum W over A; minimum G among candidates tied on W; maximum d if a tie remains according to Rule 3,D2 is empty: every candidate d flagged at least one nominal Stage 3A event as OOC. | U is empty: every candidate in A has at least one rho value for which its d-CCSSBU-S ARL1 exceeds the corresponding S-chart ARL1 benchmark.,7.4561849668157665,7.811241393806993,8.521354247789446,10.651692809736808,14.202257079649078,15.977539214605212,353.0380779002498,187.13075913119312,67.26478698621594,10.535227469449868,2.8688483408311294,2.103065003134447,434.7826086956522,322.5806451612903,312.5,200,168.0672268907563,151.51515151515153,1.2315459320467386,1.7238248092347894,4.645818622216677,18.983928024331842,58.5835174689178,72.04492076532611
DAR,9,26,Case 5,73,0,1,0,5,18.922439024390243,7.101128539824539,7.101128539824539,4,17.798186718547473,14.97908404924614,0.3331133540201977,13.783892844048687,109.30953495428788,11.838148564188867,TRUE,TRUE,FALSE,TRUE,FALSE,FALSE,13,D1,XO,Case 4,XO case: minimum W over A; minimum G among candidates tied on W; maximum d if a tie remains according to Rule 3,"1, 2, 3, 4, 5, 6, 7, 8, 9, 10, 11, 12, 13, 14, 15, 16, 17, 18, 19, 20, 21, 22, 23, 24, 25, 26",,Case 4 | D1 | XO | XO case: minimum W over A; minimum G among candidates tied on W; maximum d if a tie remains according to Rule 3,D2 is empty: every candidate d flagged at least one nominal Stage 3A event as OOC. | U is empty: every candidate in A has at least one rho value for which its d-CCSSBU-S ARL1 exceeds the corresponding S-chart ARL1 benchmark.,7.4561849668157665,7.811241393806993,8.521354247789446,10.651692809736808,14.202257079649078,15.977539214605212,353.0380779002498,187.13075913119312,67.26478698621594,10.535227469449868,2.8688483408311294,2.103065003134447,434.7826086956522,392.156862745098,298.5074626865672,285.7142857142857,232.5581395348837,229.8850574712644,1.2315459320467386,2.0956301602462144,4.437796892863692,27.11989717761692,81.06323928838624,109.30953495428788
DAR,10,26,Case 5,83,0,1,0,5,18.922439024390243,7.101128539824539,7.101128539824539,4,17.798186718547473,14.97908404924614,0.47049874738050373,13.497966821297643,72.6191518625127,8.897141147770862,TRUE,TRUE,FALSE,TRUE,FALSE,FALSE,13,D1,XO,Case 4,XO case: minimum W over A; minimum G among candidates tied on W; maximum d if a tie remains according to Rule 3,"1, 2, 3, 4, 5, 6, 7, 8, 9, 10, 11, 12, 13, 14, 15, 16, 17, 18, 19, 20, 21, 22, 23, 24, 25, 26",,Case 4 | D1 | XO | XO case: minimum W over A; minimum G among candidates tied on W; maximum d if a tie remains according to Rule 3,D2 is empty: every candidate d flagged at least one nominal Stage 3A event as OOC. | U is empty: every candidate in A has at least one rho value for which its d-CCSSBU-S ARL1 exceeds the corresponding S-chart ARL1 benchmark.,7.4561849668157665,7.811241393806993,8.521354247789446,10.651692809736808,14.202257079649078,15.977539214605212,353.0380779002498,187.13075913119312,67.26478698621594,10.535227469449868,2.8688483408311294,2.103065003134447,416.6666666666667,363.6363636363637,317.46031746031747,298.5074626865672,208.33333333333334,46.838407494145194,1.1802315182114578,1.9432206940464902,4.719561774950275,28.334220931838573,72.6191518625127,22.27149775415233
DAR,11,26,Case 5,89,0,1,0,5,18.922439024390243,7.101128539824539,7.101128539824539,4,17.798186718547473,14.97908404924614,0.5860583497158703,12.716325431088555,47.45982006082961,10.933018446959327,TRUE,TRUE,FALSE,TRUE,FALSE,FALSE,13,D1,XO,Case 4,XO case: minimum W over A; minimum G among candidates tied on W; maximum d if a tie remains according to Rule 3,"1, 2, 3, 4, 5, 6, 7, 8, 9, 10, 11, 12, 13, 14, 15, 16, 17, 18, 19, 20, 21, 22, 23, 24, 25, 26",,Case 4 | D1 | XO | XO case: minimum W over A; minimum G among candidates tied on W; maximum d if a tie remains according to Rule 3,D2 is empty: every candidate d flagged at least one nominal Stage 3A event as OOC. | U is empty: every candidate in A has at least one rho value for which its d-CCSSBU-S ARL1 exceeds the corresponding S-chart ARL1 benchmark.,7.4561849668157665,7.811241393806993,8.521354247789446,10.651692809736808,14.202257079649078,15.977539214605212,353.0380779002498,187.13075913119312,67.26478698621594,10.535227469449868,2.8688483408311294,2.103065003134447,625,606.0606060606061,588.2352941176471,500,134.2281879194631,32.25806451612903,1.7703472773171864,3.2387011567441504,8.745070347701981,47.45982006082961,46.78817838121623,15.338596033908138
DAR,12,26,Case 5,99,0,1,0,5,18.922439024390243,7.101128539824539,7.101128539824539,4,17.798186718547473,14.97908404924614,0.4499058412074808,12.630404828306473,54.464363896884514,10.800037033317901,TRUE,TRUE,FALSE,TRUE,FALSE,FALSE,13,D1,XO,Case 4,XO case: minimum W over A; minimum G among candidates tied on W; maximum d if a tie remains according to Rule 3,"1, 2, 3, 4, 5, 6, 7, 8, 9, 10, 11, 12, 13, 14, 15, 16, 17, 18, 19, 20, 21, 22, 23, 24, 25, 26",,Case 4 | D1 | XO | XO case: minimum W over A; minimum G among candidates tied on W; maximum d if a tie remains according to Rule 3,D2 is empty: every candidate d flagged at least one nominal Stage 3A event as OOC. | U is empty: every candidate in A has at least one rho value for which its d-CCSSBU-S ARL1 exceeds the corresponding S-chart ARL1 benchmark.,7.4561849668157665,7.811241393806993,8.521354247789446,10.651692809736808,14.202257079649078,15.977539214605212,353.0380779002498,187.13075913119312,67.26478698621594,10.535227469449868,2.8688483408311294,2.103065003134447,606.0606060606061,555.5555555555555,555.5555555555555,434.7826086956522,156.25,35.273368606701936,1.7167003901257567,2.9688093936821374,8.25923310616298,41.269408748547484,54.464363896884514,16.772362506213483
DAR,13,26,Case 5,101,0,1,0,5,18.922439024390243,7.101128539824539,7.101128539824539,4,17.798186718547473,14.97908404924614,0.42723701450821844,7.323655278991587,7.332250995391708,3.033602564086061,TRUE,TRUE,FALSE,TRUE,FALSE,TRUE,13,D1,XO,Case 4,XO case: minimum W over A; minimum G among candidates tied on W; maximum d if a tie remains according to Rule 3,"1, 2, 3, 4, 5, 6, 7, 8, 9, 10, 11, 12, 13, 14, 15, 16, 17, 18, 19, 20, 21, 22, 23, 24, 25, 26",,Case 4 | D1 | XO | XO case: minimum W over A; minimum G among candidates tied on W; maximum d if a tie remains according to Rule 3,D2 is empty: every candidate d flagged at least one nominal Stage 3A event as OOC. | U is empty: every candidate in A has at least one rho value for which its d-CCSSBU-S ARL1 exceeds the corresponding S-chart ARL1 benchmark.,7.4561849668157665,7.811241393806993,8.521354247789446,10.651692809736808,14.202257079649078,15.977539214605212,353.0380779002498,187.13075913119312,67.26478698621594,10.535227469449868,2.8688483408311294,2.103065003134447,625,512.8205128205128,96.15384615384616,24.96878901373283,18.552875695732837,15.420200462606013,1.7703472773171864,2.740439440321973,1.4294826529897469,2.370028467457159,6.467011668646769,7.332250995391708
DAR,14,26,Case 5,111,0,1,0,5,18.922439024390243,7.101128539824539,7.101128539824539,4,17.798186718547473,14.97908404924614,0.4993679051282955,7.615403295018182,9.783878128624533,4.112899958783316,TRUE,TRUE,FALSE,TRUE,FALSE,FALSE,13,D1,XO,Case 4,XO case: minimum W over A; minimum G among candidates tied on W; maximum d if a tie remains according to Rule 3,"1, 2, 3, 4, 5, 6, 7, 8, 9, 10, 11, 12, 13, 14, 15, 16, 17, 18, 19, 20, 21, 22, 23, 24, 25, 26",,Case 4 | D1 | XO | XO case: minimum W over A; minimum G among candidates tied on W; maximum d if a tie remains according to Rule 3,D2 is empty: every candidate d flagged at least one nominal Stage 3A event as OOC. | U is empty: every candidate in A has at least one rho value for which its d-CCSSBU-S ARL1 exceeds the corresponding S-chart ARL1 benchmark.,7.4561849668157665,7.811241393806993,8.521354247789446,10.651692809736808,14.202257079649078,15.977539214605212,353.0380779002498,187.13075913119312,67.26478698621594,10.535227469449868,2.8688483408311294,2.103065003134447,606.0606060606061,500,259.7402597402597,33.72681281618887,25.03128911138924,20.5761316872428,1.7167003901257567,2.6719284543139237,3.8614596340502247,3.2013369349632113,8.725204729413289,9.783878128624533
DAR,15,26,Case 5,121,0,1,0,5,18.922439024390243,7.101128539824539,7.101128539824539,4,17.798186718547473,14.97908404924614,0.6372753672695279,10.591595320102956,41.269408748547484,9.557590603546485,TRUE,TRUE,FALSE,TRUE,FALSE,FALSE,13,D1,XO,Case 4,XO case: minimum W over A; minimum G among candidates tied on W; maximum d if a tie remains according to Rule 3,"1, 2, 3, 4, 5, 6, 7, 8, 9, 10, 11, 12, 13, 14, 15, 16, 17, 18, 19, 20, 21, 22, 23, 24, 25, 26",,Case 4 | D1 | XO | XO case: minimum W over A; minimum G among candidates tied on W; maximum d if a tie remains according to Rule 3,D2 is empty: every candidate d flagged at least one nominal Stage 3A event as OOC. | U is empty: every candidate in A has at least one rho value for which its d-CCSSBU-S ARL1 exceeds the corresponding S-chart ARL1 benchmark.,7.4561849668157665,7.811241393806993,8.521354247789446,10.651692809736808,14.202257079649078,15.977539214605212,353.0380779002498,187.13075913119312,67.26478698621594,10.535227469449868,2.8688483408311294,2.103065003134447,689.6551724137931,689.6551724137931,645.1612903225806,434.7826086956522,44.943820224719104,35.90664272890485,1.9534866508327575,3.6854185576743776,9.591367478124752,41.269408748547484,15.666154109665658,17.073482120328627
DAR,16,26,Case 5,128,0,1,0,5,18.922439024390243,7.101128539824539,7.101128539824539,4,17.798186718547473,14.97908404924614,0.5850652992278444,11.406141642603071,52.73313340092179,10.935026226182607,TRUE,TRUE,FALSE,TRUE,FALSE,FALSE,13,D1,XO,Case 4,XO case: minimum W over A; minimum G among candidates tied on W; maximum d if a tie remains according to Rule 3,"1, 2, 3, 4, 5, 6, 7, 8, 9, 10, 11, 12, 13, 14, 15, 16, 17, 18, 19, 20, 21, 22, 23, 24, 25, 26",,Case 4 | D1 | XO | XO case: minimum W over A; minimum G among candidates tied on W; maximum d if a tie remains according to Rule 3,D2 is empty: every candidate d flagged at least one nominal Stage 3A event as OOC. | U is empty: every candidate in A has at least one rho value for which its d-CCSSBU-S ARL1 exceeds the corresponding S-chart ARL1 benchmark.,7.4561849668157665,7.811241393806993,8.521354247789446,10.651692809736808,14.202257079649078,15.977539214605212,353.0380779002498,187.13075913119312,67.26478698621594,10.535227469449868,2.8688483408311294,2.103065003134447,666.6666666666666,666.6666666666666,666.6666666666666,555.5555555555555,66.88963210702342,43.859649122807014,1.888370429138332,3.5625712724185647,9.911079727395578,52.73313340092179,23.31584808963618,20.855108642594395
DAR,17,26,Case 5,138,0,1,0,5,18.922439024390243,7.101128539824539,7.101128539824539,4,17.798186718547473,14.97908404924614,0.5444582614563569,7.245563417773226,14.026444750771454,4.3175245096396475,TRUE,TRUE,FALSE,TRUE,FALSE,FALSE,13,D1,XO,Case 4,XO case: minimum W over A; minimum G among candidates tied on W; maximum d if a tie remains according to Rule 3,"1, 2, 3, 4, 5, 6, 7, 8, 9, 10, 11, 12, 13, 14, 15, 16, 17, 18, 19, 20, 21, 22, 23, 24, 25, 26",,Case 4 | D1 | XO | XO case: minimum W over A; minimum G among candidates tied on W; maximum d if a tie remains according to Rule 3,D2 is empty: every candidate d flagged at least one nominal Stage 3A event as OOC. | U is empty: every candidate in A has at least one rho value for which its d-CCSSBU-S ARL1 exceeds the corresponding S-chart ARL1 benchmark.,7.4561849668157665,7.811241393806993,8.521354247789446,10.651692809736808,14.202257079649078,15.977539214605212,353.0380779002498,187.13075913119312,67.26478698621594,10.535227469449868,2.8688483408311294,2.103065003134447,588.2352941176471,476.1904761904762,131.57894736842104,47.961630695443645,35.08771929824561,29.498525073746315,1.6662092021808814,2.544693766013261,1.9561341567228112,4.552500725259435,12.230593997896872,14.026444750771454
DAR,18,26,Case 5,148,0,1,0,5,18.922439024390243,7.101128539824539,7.101128539824539,4,17.798186718547473,14.97908404924614,0.49521931127368685,7.770493635737575,18.114151506710563,6.383119191233123,TRUE,TRUE,FALSE,TRUE,FALSE,FALSE,13,D1,XO,Case 4,XO case: minimum W over A; minimum G among candidates tied on W; maximum d if a tie remains according to Rule 3,"1, 2, 3, 4, 5, 6, 7, 8, 9, 10, 11, 12, 13, 14, 15, 16, 17, 18, 19, 20, 21, 22, 23, 24, 25, 26",,Case 4 | D1 | XO | XO case: minimum W over A; minimum G among candidates tied on W; maximum d if a tie remains according to Rule 3,D2 is empty: every candidate d flagged at least one nominal Stage 3A event as OOC. | U is empty: every candidate in A has at least one rho value for which its d-CCSSBU-S ARL1 exceeds the corresponding S-chart ARL1 benchmark.,7.4561849668157665,7.811241393806993,8.521354247789446,10.651692809736808,14.202257079649078,15.977539214605212,353.0380779002498,187.13075913119312,67.26478698621594,10.535227469449868,2.8688483408311294,2.103065003134447,666.6666666666666,625,400,63.492063492063494,47.39336492890995,38.095238095238095,1.888370429138332,3.339910567892405,5.9466478364373465,6.026643817248204,16.519996632230374,18.114151506710563
DAR,19,26,Case 5,153,0,1,0,5,18.922439024390243,7.101128539824539,7.101128539824539,4,17.798186718547473,14.97908404924614,0.46464049540411934,6.565130396348501,15.667099738093981,3.336365274909141,TRUE,TRUE,FALSE,TRUE,FALSE,FALSE,13,D1,XO,Case 4,XO case: minimum W over A; minimum G among candidates tied on W; maximum d if a tie remains according to Rule 3,"1, 2, 3, 4, 5, 6, 7, 8, 9, 10, 11, 12, 13, 14, 15, 16, 17, 18, 19, 20, 21, 22, 23, 24, 25, 26",,Case 4 | D1 | XO | XO case: minimum W over A; minimum G among candidates tied on W; maximum d if a tie remains according to Rule 3,D2 is empty: every candidate d flagged at least one nominal Stage 3A event as OOC. | U is empty: every candidate in A has at least one rho value for which its d-CCSSBU-S ARL1 exceeds the corresponding S-chart ARL1 benchmark.,7.4561849668157665,7.811241393806993,8.521354247789446,10.651692809736808,14.202257079649078,15.977539214605212,353.0380779002498,187.13075913119312,67.26478698621594,10.535227469449868,2.8688483408311294,2.103065003134447,338.98305084745766,173.91304347826087,81.96721311475409,61.53846153846153,39.761431411530815,32.94892915980231,0.9601883537991521,0.9293664188917996,1.2185753763191283,5.841208622871336,13.859718844535223,15.667099738093981
DAR,20,26,Case 5,159,0,1,0,5,18.922439024390243,7.101128539824539,7.101128539824539,4,17.798186718547473,14.97908404924614,0.4288583434679078,8.430924894127351,23.36592024821387,7.7134154687216165,TRUE,TRUE,FALSE,TRUE,FALSE,FALSE,13,D1,XO,Case 4,XO case: minimum W over A; minimum G among candidates tied on W; maximum d if a tie remains according to Rule 3,"1, 2, 3, 4, 5, 6, 7, 8, 9, 10, 11, 12, 13, 14, 15, 16, 17, 18, 19, 20, 21, 22, 23, 24, 25, 26",,Case 4 | D1 | XO | XO case: minimum W over A; minimum G among candidates tied on W; maximum d if a tie remains according to Rule 3,D2 is empty: every candidate d flagged at least one nominal Stage 3A event as OOC. | U is empty: every candidate in A has at least one rho value for which its d-CCSSBU-S ARL1 exceeds the corresponding S-chart ARL1 benchmark.,7.4561849668157665,7.811241393806993,8.521354247789446,10.651692809736808,14.202257079649078,15.977539214605212,353.0380779002498,187.13075913119312,67.26478698621594,10.535227469449868,2.8688483408311294,2.103065003134447,689.6551724137931,625,588.2352941176471,84.03361344537815,56.81818181818181,49.14004914004914,1.9534866508327575,3.339910567892405,8.745070347701981,7.976440346357918,19.80522323523073,23.36592024821387
DAR,21,26,Case 5,169,0,1,0,5,18.922439024390243,7.101128539824539,7.101128539824539,4,17.798186718547473,14.97908404924614,0.3843152821427946,6.514673190631054,17.87580740793806,3.371546484352117,TRUE,TRUE,FALSE,TRUE,FALSE,FALSE,13,D1,XO,Case 4,XO case: minimum W over A; minimum G among candidates tied on W; maximum d if a tie remains according to Rule 3,"1, 2, 3, 4, 5, 6, 7, 8, 9, 10, 11, 12, 13, 14, 15, 16, 17, 18, 19, 20, 21, 22, 23, 24, 25, 26",,Case 4 | D1 | XO | XO case: minimum W over A; minimum G among candidates tied on W; maximum d if a tie remains according to Rule 3,D2 is empty: every candidate d flagged at least one nominal Stage 3A event as OOC. | U is empty: every candidate in A has at least one rho value for which its d-CCSSBU-S ARL1 exceeds the corresponding S-chart ARL1 benchmark.,7.4561849668157665,7.811241393806993,8.521354247789446,10.651692809736808,14.202257079649078,15.977539214605212,353.0380779002498,187.13075913119312,67.26478698621594,10.535227469449868,2.8688483408311294,2.103065003134447,338.98305084745766,139.86013986013987,81.96721311475409,63.897763578274756,44.44444444444444,37.59398496240602,0.9601883537991521,0.7473925746332655,1.2185753763191283,6.065152723428703,15.492085730669372,17.87580740793806
DAR,22,26,Case 5,179,0,1,0,5,18.922439024390243,7.101128539824539,7.101128539824539,4,17.798186718547473,14.97908404924614,0.4051803883022542,6.656619348421672,23.423471775918834,5.133521077746195,TRUE,TRUE,FALSE,TRUE,FALSE,FALSE,13,D1,XO,Case 4,XO case: minimum W over A; minimum G among candidates tied on W; maximum d if a tie remains according to Rule 3,"1, 2, 3, 4, 5, 6, 7, 8, 9, 10, 11, 12, 13, 14, 15, 16, 17, 18, 19, 20, 21, 22, 23, 24, 25, 26",,Case 4 | D1 | XO | XO case: minimum W over A; minimum G among candidates tied on W; maximum d if a tie remains according to Rule 3,D2 is empty: every candidate d flagged at least one nominal Stage 3A event as OOC. | U is empty: every candidate in A has at least one rho value for which its d-CCSSBU-S ARL1 exceeds the corresponding S-chart ARL1 benchmark.,7.4561849668157665,7.811241393806993,8.521354247789446,10.651692809736808,14.202257079649078,15.977539214605212,353.0380779002498,187.13075913119312,67.26478698621594,10.535227469449868,2.8688483408311294,2.103065003134447,540.5405405405405,273.972602739726,133.33333333333334,89.28571428571429,59.523809523809526,49.26108374384237,1.53111115876081,1.4640703859254376,1.9822159454791157,8.474967868005288,20.748329103575053,23.423471775918834
DAR,23,26,Case 5,183,0,1,0,5,18.922439024390243,7.101128539824539,7.101128539824539,4,17.798186718547473,14.97908404924614,0.3864912949152331,6.37840855573235,21.322711975387993,3.8731307350871056,TRUE,TRUE,FALSE,TRUE,FALSE,FALSE,13,D1,XO,Case 4,XO case: minimum W over A; minimum G among candidates tied on W; maximum d if a tie remains according to Rule 3,"1, 2, 3, 4, 5, 6, 7, 8, 9, 10, 11, 12, 13, 14, 15, 16, 17, 18, 19, 20, 21, 22, 23, 24, 25, 26",,Case 4 | D1 | XO | XO case: minimum W over A; minimum G among candidates tied on W; maximum d if a tie remains according to Rule 3,D2 is empty: every candidate d flagged at least one nominal Stage 3A event as OOC. | U is empty: every candidate in A has at least one rho value for which its d-CCSSBU-S ARL1 exceeds the corresponding S-chart ARL1 benchmark.,7.4561849668157665,7.811241393806993,8.521354247789446,10.651692809736808,14.202257079649078,15.977539214605212,353.0380779002498,187.13075913119312,67.26478698621594,10.535227469449868,2.8688483408311294,2.103065003134447,285.7142857142857,172.41379310344828,99.00990099009901,80,54.49591280653951,44.84304932735426,0.8093016124878567,0.9213546394185944,1.4719425337716205,7.593571209732738,18.995745446324843,21.322711975387993
DAR,24,26,Case 5,189,0,1,0,5,18.922439024390243,7.101128539824539,7.101128539824539,4,17.798186718547473,14.97908404924614,0.37544989919102245,6.387039580556207,23.89429532920363,4.359803065342741,TRUE,TRUE,FALSE,TRUE,FALSE,FALSE,13,D1,XO,Case 4,XO case: minimum W over A; minimum G among candidates tied on W; maximum d if a tie remains according to Rule 3,"1, 2, 3, 4, 5, 6, 7, 8, 9, 10, 11, 12, 13, 14, 15, 16, 17, 18, 19, 20, 21, 22, 23, 24, 25, 26",,Case 4 | D1 | XO | XO case: minimum W over A; minimum G among candidates tied on W; maximum d if a tie remains according to Rule 3,D2 is empty: every candidate d flagged at least one nominal Stage 3A event as OOC. | U is empty: every candidate in A has at least one rho value for which its d-CCSSBU-S ARL1 exceeds the corresponding S-chart ARL1 benchmark.,7.4561849668157665,7.811241393806993,8.521354247789446,10.651692809736808,14.202257079649078,15.977539214605212,353.0380779002498,187.13075913119312,67.26478698621594,10.535227469449868,2.8688483408311294,2.103065003134447,307.6923076923077,183.4862385321101,122.6993865030675,93.89671361502347,59.347181008902076,50.25125628140703,0.8715555826792303,0.9805242034179537,1.8241251032016403,8.912642264944527,20.686761361427944,23.89429532920363
DAR,25,26,Case 5,196,0,1,0,5,18.922439024390243,7.101128539824539,7.101128539824539,4,17.798186718547473,14.97908404924614,0.35614225257763665,6.498332785291562,25.842199839736537,4.846071287743231,TRUE,TRUE,FALSE,TRUE,FALSE,FALSE,13,D1,XO,Case 4,XO case: minimum W over A; minimum G among candidates tied on W; maximum d if a tie remains according to Rule 3,"1, 2, 3, 4, 5, 6, 7, 8, 9, 10, 11, 12, 13, 14, 15, 16, 17, 18, 19, 20, 21, 22, 23, 24, 25, 26",,Case 4 | D1 | XO | XO case: minimum W over A; minimum G among candidates tied on W; maximum d if a tie remains according to Rule 3,D2 is empty: every candidate d flagged at least one nominal Stage 3A event as OOC. | U is empty: every candidate in A has at least one rho value for which its d-CCSSBU-S ARL1 exceeds the corresponding S-chart ARL1 benchmark.,7.4561849668157665,7.811241393806993,8.521354247789446,10.651692809736808,14.202257079649078,15.977539214605212,353.0380779002498,187.13075913119312,67.26478698621594,10.535227469449868,2.8688483408311294,2.103065003134447,408.16326530612247,227.27272727272725,123.4567901234568,94.33962264150944,62.30529595015577,54.34782608695652,1.1561451606969382,1.2145129337790561,1.835385134702885,8.95468303034521,21.71787719252716,25.842199839736537
DAR,26,26,Case 5,206,0,1,0,5,18.922439024390243,7.101128539824539,7.101128539824539,4,17.798186718547473,14.97908404924614,0.3813243284222452,6.337376219884797,28.81796830613044,4.999551975093278,TRUE,TRUE,FALSE,TRUE,FALSE,FALSE,13,D1,XO,Case 4,XO case: minimum W over A; minimum G among candidates tied on W; maximum d if a tie remains according to Rule 3,"1, 2, 3, 4, 5, 6, 7, 8, 9, 10, 11, 12, 13, 14, 15, 16, 17, 18, 19, 20, 21, 22, 23, 24, 25, 26",,Case 4 | D1 | XO | XO case: minimum W over A; minimum G among candidates tied on W; maximum d if a tie remains according to Rule 3,D2 is empty: every candidate d flagged at least one nominal Stage 3A event as OOC. | U is empty: every candidate in A has at least one rho value for which its d-CCSSBU-S ARL1 exceeds the corresponding S-chart ARL1 benchmark.,7.4561849668157665,7.811241393806993,8.521354247789446,10.651692809736808,14.202257079649078,15.977539214605212,353.0380779002498,187.13075913119312,67.26478698621594,10.535227469449868,2.8688483408311294,2.103065003134447,344.82758620689657,185.18518518518516,142.85714285714286,108.10810810810811,73.80073800738008,60.6060606060606,0.9767433254163788,0.9896031312273791,2.123802798727624,10.26158271585505,25.724865604432537,28.81796830613044
CAR,1,2,Case 4,10,0,0,0,3,8.290009699321049,10.980955341123572,10.980955341123572,2,13.213300372396452,28.224794028923327,3.320381228798915,16.796266920862983,1.522132125623768,1.143360192740556,TRUE,TRUE,TRUE,TRUE,FALSE,TRUE,1,D1_intersect_D2,XO,Case 2,XO case: minimum W over A; minimum G among candidates tied on W; maximum d if a tie remains according to Rule 3,"1, 2",,Case 2 | D1_intersect_D2 | XO | XO case: minimum W over A; minimum G among candidates tied on W; maximum d if a tie remains according to Rule 3,U is empty: every candidate in A has at least one rho value for which its d-CCSSBU-S ARL1 exceeds the corresponding S-chart ARL1 benchmark.,11.53000310817975,12.07905087523593,13.177146409348286,16.471433011685356,21.961910682247144,24.707149517528038,400.38495537320654,235.1071755145163,98.29287262764328,18.84577916121035,5.215643873719814,3.687752967727198,338.98305084745766,235.2941176470588,96.15384615384616,23.174971031286212,7.510326699211416,5.613247263541959,0.846642827854221,1.0007951358019311,0.9782382342013723,1.22971678873254,1.4399615619950346,1.522132125623768
CAR,2,2,Case 4,20,0,0,0,3,8.290009699321049,10.980955341123572,10.980955341123572,2,13.213300372396452,28.224794028923327,0.35573297171754814,14.2480353417764,2.458457281775832,1.1909632695493317,TRUE,TRUE,TRUE,TRUE,FALSE,FALSE,1,D1_intersect_D2,XO,Case 2,XO case: minimum W over A; minimum G among candidates tied on W; maximum d if a tie remains according to Rule 3,"1, 2",,Case 2 | D1_intersect_D2 | XO | XO case: minimum W over A; minimum G among candidates tied on W; maximum d if a tie remains according to Rule 3,U is empty: every candidate in A has at least one rho value for which its d-CCSSBU-S ARL1 exceeds the corresponding S-chart ARL1 benchmark.,11.53000310817975,12.07905087523593,13.177146409348286,16.471433011685356,21.961910682247144,24.707149517528038,400.38495537320654,235.1071755145163,98.29287262764328,18.84577916121035,5.215643873719814,3.687752967727198,259.7402597402597,163.93442622950818,109.2896174863388,22.321428571428573,10.16260162601626,9.066183136899365,0.6487263226415458,0.6972752995341323,1.1118773372343467,1.1844258802189531,1.9484845729638094,2.458457281775832
Mic,1,1,Case 3,10,0,0,0,3,0.3333333333333333,1.4735767952260144,1.4735767952260144,2,13.213300372396452,3.7875940880385683,0.0016670256419285961,3.9833906162420285,35.91626995759924,3.423430087592992,TRUE,TRUE,TRUE,TRUE,FALSE,TRUE,1,D1_intersect_D2,XO,Case 2,XO case: minimum W over A; minimum G among candidates tied on W; maximum d if a tie remains according to Rule 3,1,,Case 2 | D1_intersect_D2 | XO | XO case: minimum W over A; minimum G among candidates tied on W; maximum d if a tie remains according to Rule 3,U is empty: every candidate in A has at least one rho value for which its d-CCSSBU-S ARL1 exceeds the corresponding S-chart ARL1 benchmark.,1.5472556349873152,1.6209344747486159,1.768292154271217,2.2103651928390216,2.9471535904520287,3.3155477892585323,400.38495537320654,235.1071755145163,98.29287262764328,18.84577916121035,5.215643873719814,3.687752967727198,132.4503311258278,132.4503311258278,132.4503311258278,132.4503311258278,132.4503311258278,132.4503311258278,0.3308074625390664,0.5633615002858553,1.347506971615135,7.028116481299218,25.394818805250175,35.91626995759924
